<?xml version="1.0" encoding="utf-8"?>
<!--/11401241/327520/2.49/6/0/Integrated Circuit/-->
<quadcept_library>
  <setting unit="mil" />
  <textstyle name="Default" height="47.244094488189" strokewidth="7.8740157480315" charwidth="47.244094488189" />
  <textstyle name="Dimension" height="19.6850393700787" strokewidth="0" charwidth="19.6850393700787" />
  <textstyle name="H127W0635TH00762" height="50" strokewidth="3" charwidth="25" />
  <textstyle name="H15W15TH02" height="59.0551181102362" strokewidth="7.8740157480315" charwidth="59.0551181102362" />
  <padstyle name="r42.5_37" surface="True" plated="False" isvia="False" nopaste="False" nomask="True" complex="False" holesize="0">
    <padshape layer="TOP" shape="rectangle" width="14.566929133858" height="16.732283464567" />
    <padshape layer="TOP_SOLDER_MASK" shape="rectangle" width="22.440944881889" height="24.606299212598" />
    <padshape layer="TOP_SOLDER_PASTE" shape="rectangle" width="14.566929133858" height="16.732283464567" />
  </padstyle>
  <footprint name="BGU7007115" originx="0" originy="0" pickpointx="0" pickpointy="0">
    <pcbpin number="1" name="1" style="r42.5_37" originx="-19.685039370078" originy="-13.307086614173" rotation="0" />
    <pcbpin number="2" name="2" style="r42.5_37" originx="0" originy="-13.307086614173" rotation="0" />
    <pcbpin number="3" name="3" style="r42.5_37" originx="19.685039370078" originy="-13.307086614173" rotation="0" />
    <pcbpin number="4" name="4" style="r42.5_37" originx="19.685039370078" originy="13.307086614173" rotation="0" />
    <pcbpin number="5" name="5" style="r42.5_37" originx="0" originy="13.307086614173" rotation="0" />
    <pcbpin number="6" name="6" style="r42.5_37" originx="-19.685039370078" originy="13.307086614173" rotation="0" />
    <line layer="TOP_ASSEMBLY" originx="-28.543307086614" originy="19.685039370078" endx="28.543307086614" endy="19.685039370078" width="7.8740157480314" />
    <line layer="TOP_ASSEMBLY" originx="28.543307086614" originy="19.685039370078" endx="28.543307086614" endy="-19.685039370078" width="7.8740157480314" />
    <line layer="TOP_ASSEMBLY" originx="28.543307086614" originy="-19.685039370078" endx="-28.543307086614" endy="-19.685039370078" width="7.8740157480314" />
    <line layer="TOP_ASSEMBLY" originx="-28.543307086614" originy="-19.685039370078" endx="-28.543307086614" endy="19.685039370078" width="7.8740157480314" />
    <line layer="TOP_PLACE_BOUND" originx="-67.913385826771" originy="59.094488188976" endx="67.913385826771" endy="59.094488188976" width="3.9370078740157" />
    <line layer="TOP_PLACE_BOUND" originx="67.913385826771" originy="59.094488188976" endx="67.913385826771" endy="-74.803149606298" width="3.9370078740157" />
    <line layer="TOP_PLACE_BOUND" originx="67.913385826771" originy="-74.803149606298" endx="-67.913385826771" endy="-74.803149606298" width="3.9370078740157" />
    <line layer="TOP_PLACE_BOUND" originx="-67.913385826771" originy="-74.803149606298" endx="-67.913385826771" endy="59.094488188976" width="3.9370078740157" />
    <line layer="TOP_SILKSCREEN" originx="-19.685039370078" originy="-47.244094488188" endx="-19.685039370078" endy="-47.244094488188" width="7.8740157480314" />
    <arc layer="TOP_SILKSCREEN" originx="-19.685039370078" originy="-43.307086614173" startangle="-90.0" sweepangle="180.0" radius="3.9370078740157" width="7.8740157480314" />
    <line layer="TOP_SILKSCREEN" originx="-19.685039370078" originy="-39.370078740157" endx="-19.685039370078" endy="-39.370078740157" width="7.8740157480314" />
    <arc layer="TOP_SILKSCREEN" originx="-19.685039370078" originy="-43.307086614173" startangle="90.0" sweepangle="180.0" radius="3.9370078740157" width="7.8740157480314" />
  </footprint>
  <symbol name="BGU7007,115" originx="0" originy="0">
    <line originx="200" originy="100" endx="1100" endy="100" width="0" />
    <line originx="1100" originy="-300" endx="1100" endy="100" width="0" />
    <line originx="1100" originy="-300" endx="200" endy="-300" width="0" />
    <line originx="200" originy="100" endx="200" endy="-300" width="0" />
    <sympin number="1" originx="200" originy="0" rotation="180" length="100" width="7.8740157480315" flipped="False">
      <text name="pinname" originx="230" originy="0" style="Default" rotation="0" justify="left" flipped="False" hidden="False" data="GND_1" />
      <text name="pindes" originx="140" originy="20" style="Default" rotation="0" justify="lowerright" flipped="False" hidden="False" data="1" />
    </sympin>
    <sympin number="2" originx="200" originy="-100" rotation="180" length="100" width="7.8740157480315" flipped="False">
      <text name="pinname" originx="230" originy="-100" style="Default" rotation="0" justify="left" flipped="False" hidden="False" data="GND_2" />
      <text name="pindes" originx="140" originy="-80" style="Default" rotation="0" justify="lowerright" flipped="False" hidden="False" data="2" />
    </sympin>
    <sympin number="3" originx="200" originy="-200" rotation="180" length="100" width="7.8740157480315" flipped="False">
      <text name="pinname" originx="230" originy="-200" style="Default" rotation="0" justify="left" flipped="False" hidden="False" data="RF_IN" />
      <text name="pindes" originx="140" originy="-180" style="Default" rotation="0" justify="lowerright" flipped="False" hidden="False" data="3" />
    </sympin>
    <sympin number="4" originx="1100" originy="-200" rotation="0" length="100" width="7.8740157480315" flipped="False">
      <text name="pinname" originx="1070" originy="-200" style="Default" rotation="0" justify="right" flipped="False" hidden="False" data="VCC" />
      <text name="pindes" originx="1160" originy="-180" style="Default" rotation="0" justify="lowerleft" flipped="False" hidden="False" data="4" />
    </sympin>
    <sympin number="5" originx="1100" originy="-100" rotation="0" length="100" width="7.8740157480315" flipped="False">
      <text name="pinname" originx="1070" originy="-100" style="Default" rotation="0" justify="right" flipped="False" hidden="False" data="ENABLE" />
      <text name="pindes" originx="1160" originy="-80" style="Default" rotation="0" justify="lowerleft" flipped="False" hidden="False" data="5" />
    </sympin>
    <sympin number="6" originx="1100" originy="0" rotation="0" length="100" width="7.8740157480315" flipped="False">
      <text name="pinname" originx="1070" originy="0" style="Default" rotation="0" justify="right" flipped="False" hidden="False" data="RF_OUT" />
      <text name="pindes" originx="1160" originy="20" style="Default" rotation="0" justify="lowerleft" flipped="False" hidden="False" data="6" />
    </sympin>
  </symbol>
  <component name="BGU7007,115" designatorprefix="IC" height="19.685039370078" footprint="BGU7007115">
    <comppin designator="1" sympin="1" pinswap="0" gateswap="0" gate="1" group="1" side="" type="Any" name="GND_1" />
    <comppin designator="2" sympin="2" pinswap="0" gateswap="0" gate="1" group="1" side="" type="Any" name="GND_2" />
    <comppin designator="3" sympin="3" pinswap="0" gateswap="0" gate="1" group="1" side="" type="Any" name="RF_IN" />
    <comppin designator="4" sympin="4" pinswap="0" gateswap="0" gate="1" group="1" side="" type="Any" name="VCC" />
    <comppin designator="5" sympin="5" pinswap="0" gateswap="0" gate="1" group="1" side="" type="Any" name="ENABLE" />
    <comppin designator="6" sympin="6" pinswap="0" gateswap="0" gate="1" group="1" side="" type="Any" name="RF_OUT" />
    <attached_symbol gate="1" name="BGU7007,115" />
    <pinmap designator="1" footprintpin="1" />
    <pinmap designator="2" footprintpin="2" />
    <pinmap designator="3" footprintpin="3" />
    <pinmap designator="4" footprintpin="4" />
    <pinmap designator="5" footprintpin="5" />
    <pinmap designator="6" footprintpin="6" />
    <text name="Datasheet" originx="0" originy="0" style="Default" rotation="0" justify="" flipped="False" hidden="True" data="http://www.nxp.com/docs/en/data-sheet/BGU7007.pdf" />
    <text name="Description" originx="0" originy="0" style="Default" rotation="0" justify="" flipped="False" hidden="True" data="RF Amplifier WB LO-NOISE AMPLIFIER W/ BYPASS SiGe:C Low Noise Amplifier MMIC for GPS, GLONASS, Galileo and Compass" />
    <text name="Mouser Part Number" originx="0" originy="0" style="Default" rotation="0" justify="" flipped="False" hidden="True" data="771-BGU7007115" />
    <text name="Mouser Price/Stock" originx="0" originy="0" style="Default" rotation="0" justify="" flipped="False" hidden="True" data="https://www.mouser.co.uk/ProductDetail/NXP-Semiconductors/BGU7007115?qs=fhAOlxDPaYXiJwy%2FPDMatw%3D%3D" />
    <text name="Manufacturer_Name" originx="0" originy="0" style="Default" rotation="0" justify="" flipped="False" hidden="True" data="NXP" />
    <text name="Manufacturer_Part_Number" originx="1150" originy="200" style="Default" rotation="0" justify="left" flipped="False" hidden="False" data="BGU7007,115" />
  </component>
</quadcept_library>
